Workbook

Sheet school_nutrition_clean
A1: District | B1: Block | C1: School_ID | D1: School_Name | E1: School_Type | F1: Reporting_Month | G1: Enrolment_Total | H1: Days_Meals_Planned | I1: Days_Meals_Served | J1: Meal_Coverage_Percent | K1: IFA_Distribution_Conducted | L1: Deworming_Conducted | M1: Monthly_Report_Submitted | N1: Data_Complete | O1: Meals_Exceed_Plan | P1: Report_Missing | Q1: Invalid_Enrolment
A2: Sitapur | B2: Mahmudabad | C2: SCH001 | D2: Government School 1 | E2: Upper Primary | F2: 2024-08 | G2: 115 | H2: 19 | I2: 15 | J2: 78.9 | K2: No | L2: Yes | M2: No | N2: Yes | O2: No | P2: Yes | Q2: No
A3: Sitapur | B3: Mahmudabad | C3: SCH002 | D3: Government School 2 | E3: Upper Primary | F3: 2024-08 | G3: 96 | H3: 22 | I3: 20 | J3: 90.9 | K3: No | L3: No | M3: No | N3: No | O3: No | P3: Yes | Q3: No
A4: Sitapur | B4: Mahmudabad | C4: SCH003 | D4: Government School 3 | E4: Upper Primary | F4: 2024-08 | G4: 101 | H4: 19 | I4: 15 | J4: 78.9 | K4: Yes | L4: Yes | M4: No | N4: Yes | O4: No | P4: Yes | Q4: No
A5: Sitapur | B5: Mahmudabad | C5: SCH004 | D5: Government School 4 | E5: Upper Primary | F5: 2024-08 | G5: 198 | H5: 22 | I5: 21 | J5: 95.5 | K5: No | L5: Yes | M5: No | N5: Yes | O5: No | P5: Yes | Q5: No
A6: Sitapur | B6: Mahmudabad | C6: SCH005 | D6: Government School 5 | E6: Upper Primary | F6: 2024-08 | G6: 206 | H6: 20 | I6: 17 | J6: 85 | K6: No | L6: Yes | M6: Yes | N6: No | O6: No | P6: No | Q6: No
A7: Sitapur | B7: Mahmudabad | C7: SCH006 | D7: Government School 6 | E7: Primary | F7: 2024-08 | G7: 73 | H7: 19 | I7: 19 | J7: 100 | K7: No | L7: Yes | M7: Yes | N7: No | O7: No | P7: No | Q7: No
A8: Sitapur | B8: Mahmudabad | C8: SCH007 | D8: Government School 7 | E8: Upper Primary | F8: 2024-08 | G8: 162 | H8: 20 | I8: 19 | J8: 95 | K8: No | L8: Yes | M8: No | N8: No | O8: No | P8: Yes | Q8: No
A9: Sitapur | B9: Mahmudabad | C9: SCH008 | D9: Government School 8 | E9: Primary | F9: 2024-08 | G9: 125 | H9: 22 | I9: 19 | J9: 86.4 | K9: Yes | L9: No | M9: Yes | N9: No | O9: No | P9: No | Q9: No
A10: Sitapur | B10: Mahmudabad | C10: SCH009 | D10: Government School 9 | E10: Primary | F10: 2024-08 | G10: 126 | H10: 19 | I10: 19 | J10: 100 | K10: Yes | L10: Yes | M10: No | N10: No | O10: No | P10: Yes | Q10: No
A11: Sitapur | B11: Mahmudabad | C11: SCH010 | D11: Government School 10 | E11: Primary | F11: 2024-08 | G11: 110 | H11: 20 | I11: 16 | J11: 80 | K11: No | L11: No | M11: No | N11: No | O11: No | P11: Yes | Q11: No
A12: Sitapur | B12: Biswan | C12: SCH011 | D12: Government School 11 | E12: Upper Primary | F12: 2024-08 | G12: 78 | H12: 18 | I12: 18 | J12: 100 | K12: No | L12: No | M12: Yes | N12: Yes | O12: No | P12: No | Q12: No
A13: Sitapur | B13: Biswan | C13: SCH012 | D13: Government School 12 | E13: Upper Primary | F13: 2024-08 | G13: 214 | H13: 18 | I13: 17 | J13: 94.4 | K13: No | L13: Yes | M13: Yes | N13: No | O13: No | P13: No | Q13: No
... A31: Sitapur | B31: Laharpur | C31: SCH030 | D31: Government School 30 | E31: Primary | F31: 2024-08 | G31: 105 | H31: 21 | I31: 18 | J31: 85.7 | K31: Yes | L31: Yes | M31: Yes | N31: No | O31: No | P31: No | Q31: No

Sheet Validation_Check
A1: Meals_Exceed_Plan | B1: Report_Missing | C1: Invalid_Enrolment
A2: =IF(school_nutrition_clean!I2 > school_nutrition_clean!H2, "Yes", "No") -> No | B2: =IF(school_nutrition_clean!M2="No","Yes","No") -> Yes | C2: =IF(school_nutrition_clean!G2<=0,"Yes","No") -> No
A3: =IF(school_nutrition_clean!I3 > school_nutrition_clean!H3, "Yes", "No") -> No | B3: =IF(school_nutrition_clean!M3="No","Yes","No") -> Yes | C3: =IF(school_nutrition_clean!G3<=0,"Yes","No") -> No
A4: =IF(school_nutrition_clean!I4 > school_nutrition_clean!H4, "Yes", "No") -> No | B4: =IF(school_nutrition_clean!M4="No","Yes","No") -> Yes | C4: =IF(school_nutrition_clean!G4<=0,"Yes","No") -> No
A5: =IF(school_nutrition_clean!I5 > school_nutrition_clean!H5, "Yes", "No") -> No | B5: =IF(school_nutrition_clean!M5="No","Yes","No") -> Yes | C5: =IF(school_nutrition_clean!G5<=0,"Yes","No") -> No
A6: =IF(school_nutrition_clean!I6 > school_nutrition_clean!H6, "Yes", "No") -> No | B6: =IF(school_nutrition_clean!M6="No","Yes","No") -> No | C6: =IF(school_nutrition_clean!G6<=0,"Yes","No") -> No
A7: =IF(school_nutrition_clean!I7 > school_nutrition_clean!H7, "Yes", "No") -> No | B7: =IF(school_nutrition_clean!M7="No","Yes","No") -> No | C7: =IF(school_nutrition_clean!G7<=0,"Yes","No") -> No
A8: =IF(school_nutrition_clean!I8 > school_nutrition_clean!H8, "Yes", "No") -> No | B8: =IF(school_nutrition_clean!M8="No","Yes","No") -> Yes | C8: =IF(school_nutrition_clean!G8<=0,"Yes","No") -> No
A9: =IF(school_nutrition_clean!I9 > school_nutrition_clean!H9, "Yes", "No") -> No | B9: =IF(school_nutrition_clean!M9="No","Yes","No") -> No | C9: =IF(school_nutrition_clean!G9<=0,"Yes","No") -> No
A10: =IF(school_nutrition_clean!I10 > school_nutrition_clean!H10, "Yes", "No") -> No | B10: =IF(school_nutrition_clean!M10="No","Yes","No") -> Yes | C10: =IF(school_nutrition_clean!G10<=0,"Yes","No") -> No
A11: =IF(school_nutrition_clean!I11 > school_nutrition_clean!H11, "Yes", "No") -> No | B11: =IF(school_nutrition_clean!M11="No","Yes","No") -> Yes | C11: =IF(school_nutrition_clean!G11<=0,"Yes","No") -> No
A12: =IF(school_nutrition_clean!I12 > school_nutrition_clean!H12, "Yes", "No") -> No | B12: =IF(school_nutrition_clean!M12="No","Yes","No") -> No | C12: =IF(school_nutrition_clean!G12<=0,"Yes","No") -> No
A13: =IF(school_nutrition_clean!I13 > school_nutrition_clean!H13, "Yes", "No") -> No | B13: =IF(school_nutrition_clean!M13="No","Yes","No") -> No | C13: =IF(school_nutrition_clean!G13<=0,"Yes","No") -> No
... A31: =IF(school_nutrition_clean!I31 > school_nutrition_clean!H31, "Yes", "No") -> No | B31: =IF(school_nutrition_clean!M31="No","Yes","No") -> No | C31: =IF(school_nutrition_clean!G31<=0,"Yes","No") -> No

Sheet Derived_Indicators
A1: Meal_Coverage_(%) | B1: Follow_Up_Required
A2: =SUM(school_nutrition_clean!I2 / school_nutrition_clean!H2) -> 0.78947368 | B2: =IF(OR(A2<80%, school_nutrition_clean!M2="No", school_nutrition_clean!N2="No"), "Yes","No") -> Yes
A3: =SUM(school_nutrition_clean!I3 / school_nutrition_clean!H3) -> 0.90909091 | B3: =IF(OR(A3<80%, school_nutrition_clean!M3="No", school_nutrition_clean!N3="No"), "Yes","No") -> Yes
A4: =SUM(school_nutrition_clean!I4 / school_nutrition_clean!H4) -> 0.78947368 | B4: =IF(OR(A4<80%, school_nutrition_clean!M4="No", school_nutrition_clean!N4="No"), "Yes","No") -> Yes
A5: =SUM(school_nutrition_clean!I5 / school_nutrition_clean!H5) -> 0.95454545 | B5: =IF(OR(A5<80%, school_nutrition_clean!M5="No", school_nutrition_clean!N5="No"), "Yes","No") -> Yes
A6: =SUM(school_nutrition_clean!I6 / school_nutrition_clean!H6) -> 0.85 | B6: =IF(OR(A6<80%, school_nutrition_clean!M6="No", school_nutrition_clean!N6="No"), "Yes","No") -> Yes
A7: =SUM(school_nutrition_clean!I7 / school_nutrition_clean!H7) -> 1 | B7: =IF(OR(A7<80%, school_nutrition_clean!M7="No", school_nutrition_clean!N7="No"), "Yes","No") -> Yes
A8: =SUM(school_nutrition_clean!I8 / school_nutrition_clean!H8) -> 0.95 | B8: =IF(OR(A8<80%, school_nutrition_clean!M8="No", school_nutrition_clean!N8="No"), "Yes","No") -> Yes
A9: =SUM(school_nutrition_clean!I9 / school_nutrition_clean!H9) -> 0.86363636 | B9: =IF(OR(A9<80%, school_nutrition_clean!M9="No", school_nutrition_clean!N9="No"), "Yes","No") -> Yes
A10: =SUM(school_nutrition_clean!I10 / school_nutrition_clean!H10) -> 1 | B10: =IF(OR(A10<80%, school_nutrition_clean!M10="No", school_nutrition_clean!N10="No"), "Yes","No") -> Yes
A11: =SUM(school_nutrition_clean!I11 / school_nutrition_clean!H11) -> 0.8 | B11: =IF(OR(A11<80%, school_nutrition_clean!M11="No", school_nutrition_clean!N11="No"), "Yes","No") -> Yes
A12: =SUM(school_nutrition_clean!I12 / school_nutrition_clean!H12) -> 1 | B12: =IF(OR(A12<80%, school_nutrition_clean!M12="No", school_nutrition_clean!N12="No"), "Yes","No") -> No
A13: =SUM(school_nutrition_clean!I13 / school_nutrition_clean!H13) -> 0.94444444 | B13: =IF(OR(A13<80%, school_nutrition_clean!M13="No", school_nutrition_clean!N13="No"), "Yes","No") -> Yes
... A31: =SUM(school_nutrition_clean!I31 / school_nutrition_clean!H31) -> 0.85714286 | B31: =IF(OR(A31<80%, school_nutrition_clean!M31="No", school_nutrition_clean!N31="No"), "Yes","No") -> Yes
